Iteration,Accuracy,Infer_Time
1,27.321686,68.679246
3,26.943474,66.482431
